qseqid	sseqid	stitle	pident	qcovs	length	mismatch	gapopen	qstart	qend	sstart	send	evalue	bitscore	sseq
test_2	gi|2234899196|ref|XM_047950506.1|	Puccinia striiformis f. sp. tritici uncharacterized protein (Pst134EA_020971), mRNA	99.539	100	1519	6	1	394	1911	610	2128	0.0	2765	CAATCAGCAAGGCTTTCATAACATGCTCCTTCACACTACTGGTATGGCTGGCTTTCCTCGCCAAAGTATGCTCCATCAAGGTCATTCGCTCTTCTCTCAACCACCGAGCCATCAGCATTCAATGTCCAGCAAAGACCATCAATCTAAAGCGCAAATCGTCGAATTGACCAAAGAAAATTGGGAGGCTGAATTTGCCAAGATTGGTAATCACATTGACGCTCAACCAAATCATGAAAGTCCACAACAGACTGCTCAGGATATAAGCAGCTCTGAATTGGTCGATCATCAATCACCATTGTCCAGTCTCAGTCAAGAGACCACCCCGGATGATAAGGAAGCGGATGCCGAGTTCTTGAGATCATTAGAAGCTACCTGGAAAGGACTTGCTGCGAACCTGAACACTGGTAGTCTTTCGGTACCTTCGGTTCCGAACTGGGATGAATTCAATGACGACGATTTCCTTGGTCCAAATCTGTCCAGACATCCAGAAACACCAATCACTGCCGAAAATGTGGGGGATTTCCTGGATCATCCCGAGCCCTACCCGTTTCAATCCAACAACCCGTTCCTCGGGAGTAACAATCCATTTGAGGAAGGACAACGACTTCTCCATTCCGGAGCGCCACTGAGCGAGGCAGCTCTGGCCTTTGAGGCGGCATGTCAAATGGACGAGAATCGGGCTGATGCATGGCGAATGTTGGGTGAGACTCAAGCGGCGAATGAGAAGGAGCAATTGGCTATCAAAGCCTTTCAACGAGCCGTTGGATGTCAAGATGGGAATGGACAATCTGCTTGGATGTCCCTAGCGATCTGTTGGGTGAACGAGGGTCAGGAGATGCGAGCTCTAGCGATCCTGGAACGGTGGTTAATGGACACCTATCCAGCTATTTCGGCTCAGTTCACCGCCAACCAGAAAGGGGATTCTTCTTCTAATAACCCTTGGAATCAACACGAGACAGTTGTTGAGAAATTCCTTCAGGCGGCTAGGGCTGGGCCTGAGGTACGAGATGGAGCAGGTAAAGAGATAGTAAGGAGTCAGACGGTGGATGTGGATGTACAAGTAGGACTTGGCGTATTATTCTATAGTAACTCAGAATACGAACGTGCACGAGATTGTTTTGAAGCGGCATTAGGCGTGAATCCGGAAGATTTCCTACTCTGGAATTGATTAGGTGCTACTCTTGCAAACGGAGGTAAATCTGAGGATGCTATTGGAGCATATCAAAAAGCACTCGAACTTCGTCCGACGTTTACTAGAGCAATCTATAACCTTGGTGTATCTTGTTTAAATATACATTGTTATCATCAAGCTGCCGAACATTTCCTTGCCGCTCTTTCTCTTCATTCTAAAGCCGCTTCTAAGGGCGATCGTCCCCTCCTCAGGTCCGGAGATGGAAGTGAAAACCTTTGGTTCACTCTTCGTAGAGCTCTCCTATGTCTCGATCGTCACGATTTGGCCGAGTTGGCTACACCCGGGGCCAATGTCGACATATTTCGCGAACACGGTTTTGATTATTGA
test_2	gi|2234899196|ref|XM_047950506.1|	Puccinia striiformis f. sp. tritici uncharacterized protein (Pst134EA_020971), mRNA	99.749	100	399	1	0	1	399	170	568	0.0	732	ATGGCATTCCAGGCACTCATCAACGGATCTGACTGTGGACCAGCTAACCCACTCCAGAACTTACTCAAACACTCAGAAAGAAATCAGAGTACATCGAGCTACGAACAGAGAAATCATCAGCAACATGCTTCCTCTTCAAATGCACACTGTCAAGCGACGCCGTTTTTTATGAACGACCTCAGAAACGAATTAGACTCAATCAACCAAGCTCATCCACCACAAATCGATCAGGCATGGCAGAAACAGTTCGCGGGTACCTCAATGAGACCCTTGCTCTCGTCCGACGAAATGGCTCGGTTGGAGCAATCCTTTCACCCAACAACTCAGCATCAACAACCCAACCAAGCTGGACCATCAATGCAATGGTCCCAACAATTCACCGAGAATGAAGACCAACAT
test_2	gi|2234899199|ref|XM_047950507.1|	Puccinia striiformis f. sp. tritici uncharacterized protein (Pst134EA_020971), mRNA	99.539	100	1519	6	1	394	1911	690	2208	0.0	2765	CAATCAGCAAGGCTTTCATAACATGCTCCTTCACACTACTGGTATGGCTGGCTTTCCTCGCCAAAGTATGCTCCATCAAGGTCATTCGCTCTTCTCTCAACCACCGAGCCATCAGCATTCAATGTCCAGCAAAGACCATCAATCTAAAGCGCAAATCGTCGAATTGACCAAAGAAAATTGGGAGGCTGAATTTGCCAAGATTGGTAATCACATTGACGCTCAACCAAATCATGAAAGTCCACAACAGACTGCTCAGGATATAAGCAGCTCTGAATTGGTCGATCATCAATCACCATTGTCCAGTCTCAGTCAAGAGACCACCCCGGATGATAAGGAAGCGGATGCCGAGTTCTTGAGATCATTAGAAGCTACCTGGAAAGGACTTGCTGCGAACCTGAACACTGGTAGTCTTTCGGTACCTTCGGTTCCGAACTGGGATGAATTCAATGACGACGATTTCCTTGGTCCAAATCTGTCCAGACATCCAGAAACACCAATCACTGCCGAAAATGTGGGGGATTTCCTGGATCATCCCGAGCCCTACCCGTTTCAATCCAACAACCCGTTCCTCGGGAGTAACAATCCATTTGAGGAAGGACAACGACTTCTCCATTCCGGAGCGCCACTGAGCGAGGCAGCTCTGGCCTTTGAGGCGGCATGTCAAATGGACGAGAATCGGGCTGATGCATGGCGAATGTTGGGTGAGACTCAAGCGGCGAATGAGAAGGAGCAATTGGCTATCAAAGCCTTTCAACGAGCCGTTGGATGTCAAGATGGGAATGGACAATCTGCTTGGATGTCCCTAGCGATCTGTTGGGTGAACGAGGGTCAGGAGATGCGAGCTCTAGCGATCCTGGAACGGTGGTTAATGGACACCTATCCAGCTATTTCGGCTCAGTTCACCGCCAACCAGAAAGGGGATTCTTCTTCTAATAACCCTTGGAATCAACACGAGACAGTTGTTGAGAAATTCCTTCAGGCGGCTAGGGCTGGGCCTGAGGTACGAGATGGAGCAGGTAAAGAGATAGTAAGGAGTCAGACGGTGGATGTGGATGTACAAGTAGGACTTGGCGTATTATTCTATAGTAACTCAGAATACGAACGTGCACGAGATTGTTTTGAAGCGGCATTAGGCGTGAATCCGGAAGATTTCCTACTCTGGAATTGATTAGGTGCTACTCTTGCAAACGGAGGTAAATCTGAGGATGCTATTGGAGCATATCAAAAAGCACTCGAACTTCGTCCGACGTTTACTAGAGCAATCTATAACCTTGGTGTATCTTGTTTAAATATACATTGTTATCATCAAGCTGCCGAACATTTCCTTGCCGCTCTTTCTCTTCATTCTAAAGCCGCTTCTAAGGGCGATCGTCCCCTCCTCAGGTCCGGAGATGGAAGTGAAAACCTTTGGTTCACTCTTCGTAGAGCTCTCCTATGTCTCGATCGTCACGATTTGGCCGAGTTGGCTACACCCGGGGCCAATGTCGACATATTTCGCGAACACGGTTTTGATTATTGA
test_2	gi|2234899199|ref|XM_047950507.1|	Puccinia striiformis f. sp. tritici uncharacterized protein (Pst134EA_020971), mRNA	100.000	100	232	0	0	1	232	170	401	7.53e-115	429	ATGGCATTCCAGGCACTCATCAACGGATCTGACTGTGGACCAGCTAACCCACTCCAGAACTTACTCAAACACTCAGAAAGAAATCAGAGTACATCGAGCTACGAACAGAGAAATCATCAGCAACATGCTTCCTCTTCAAATGCACACTGTCAAGCGACGCCGTTTTTTATGAACGACCTCAGAAACGAATTAGACTCAATCAACCAAGCTCATCCACCACAAATCGATCAGG
test_2	gi|2234899199|ref|XM_047950507.1|	Puccinia striiformis f. sp. tritici uncharacterized protein (Pst134EA_020971), mRNA	99.405	100	168	1	0	232	399	481	648	1.32e-77	305	GCATGGCAGAAACAGTTCGCGGGTACCTCAATGAGACCCTTGCTCTCGTCCGACGAAATGGCTCGGTTGGAGCAATCCTTTCACCCAACAACTCAGCATCAACAACCCAACCAAGCTGGACCATCAATGCAATGGTCCCAACAATTCACCGAGAATGAAGACCAACAT
test_2	gi|2234878873|ref|XM_047940546.1|	Puccinia striiformis f. sp. tritici uncharacterized protein (Pst134EA_000903), mRNA	94.257	100	1515	87	0	397	1911	575	2089	0.0	2316	CAGCAAGGCTTTCATAACATGCTCCTTCACAATACTGGTATGGCTGGCTTTCCTCGCCAAAATATGCTCCATCAAGGTCATTCGCTCTTCTCTCAACCACCGATCCATCAGCATTCTATGTCCAGCAAAGACCATCAATCCAAAGCGCAAATCGTCGAATTAACCGAAGAAAATTGGGAGGCCGAATTCGCCAAGATTGGTAATCATATTGACGCTCAACCAAATCATGAAAGTCTACAACAGACTGCTCAAGATATAAGCAGCTCTGAATCGGTCGATCATCAATCACCATTATCCAGTTTGAGTCAAGAGACTACCCCGGAAGATAAAGAAGCGGACGCCGAGTTTTTGAGATCACTAGAGGCTACATGGAAAGGACTTGCTGCCAACCTGAACACTGGAAGTCTTTCGGTACCTTCGGTTCCGAACTGGGATGAATTCAATGACGACGATTTTCTTGGCCCAAATCTATCCAGACATCCAGAAACGCCAACCACTGCCGAGAACGTGGGGGATTTTCTGGACAATCCCGAGCCCTACCCGTTTCAATCCAATAACCCGTTTCTCGGGAGTAATGATCCATTTGAGGAAGGACAGCGACTACTCCACTCCGGAGCCCCACTGAGTGAGGCTGCGCTGGCCTTCGAGGCGGCATGTCAAATGGACGAGAATCGGGCTGATGCGTGGCGAATGTTGGGTGAGACTCAAGCGGCGAATGAGAAGGAACAATTGGCGATCAAAGCCTTCCAACGAGCCGTTGGATGTCGAGATGGGAATGGACAATCCGCGTGGATGTCCCTAGCGATCTGTTGGGTGAACGAAGGTCAAGAGATGCGAGCTTTAGCGATCTTGGAACGATGGTTAATGGACACCTATCCGGCTATTTCGGCTCAGTTTACCGCTACCCAGAAGGGGGATTCTTCTTCTAATAACCCTTGGAATCGACACGAGACGGTTGTTGAGAAATTCCTTCAGGCGGCTAGGGCTGGACCTGAGGTACGAGATGGAGCAGGTAAAGAGATTGTAAGGAGTCAGACGGTGGATGTAGATGTACAAGTAGGACTTGGCGTATTATTCTATAGTAACTCAGAATACGAACGTGCACGAGATTGTTTTGAAGCGGCATTAGGCGTGAACCCGGAAGATTTCTTACTCTGGAATCGATTAGGTGCTACTCTTGCAAACGGAGGTAAATCGGAGGATGCTATTGGAGCATATCAAAAAGCACTCGAACTTCGTCCAACTTTCACTAGAGCAATCTATAACCTTGGTGTATCTTGTTTAAATATACATTGCTATCATCAAGCTGCCGAACATTTCCTTGCCGCTCTTTCTCTCCATTCTAAAGCCGCTTCTAAGGGCGATCGTCCCCTCCTCGGGTCCGGAGATGGAAGTGAAAACCTTTGGTTCACTCTTCGTAGAGCCCTCTTATGTCTCGATCGTCACGATTTGGCTGAATTGGCTACACCCGGGGCCAATGTCGACATCTTTCGCAAACACGGTTTTGACTATTGA
test_2	gi|2234878873|ref|XM_047940546.1|	Puccinia striiformis f. sp. tritici uncharacterized protein (Pst134EA_000903), mRNA	96.241	100	399	15	0	1	399	131	529	0.0	654	ATGGCATTCCAAGCACTCATCAACGGATCTGACTGTGGTCCAGCTAACCCACTTCAGAATTTACTCAAACACTCAGAAAGAAATCAAAGCACATCGAGCTACGAACAGAGAAATCATCAGCAACATGCTTCCTCTTCAAACGCACACCGTCAAACGACGCCGTTTCTTATGAACGACCTCAGAAACGAATTAGACTCAATCAACCAAGCTCATCCACCACAAATCAATCAGGCATGGCAGAAACAGTTCGCGGGTACCTCAATGAGACCCTCGCTCTCGTCCGACGAAATGGCTCGGTTGGAGCAATCCTTTCACCCTACAACTCAGCATCAACAACGCAACCAAGCTGGACCATCGATGCAATGGTCCCAACAATTCACCGAGAATCAAGACCAACAT
test_3	gi|2234895309|ref|XM_047948614.1|	Puccinia striiformis f. sp. tritici uncharacterized protein (Pst134EA_017292), partial mRNA	99.929	94	1405	1	0	267	1671	174	1578	0.0	2590	GTGTGGTCATTGTAAAGCCCTCATGCCCGAGTATAAACGTGCGGCGACACTTTTGAAAAAGGGAGGTATCCCAGTGGCCAAAGCTGACTGTACCGAGCAGAGTGAATTATGCGCTAAGTATGAAATCCAAGGTTACCCAACTCTCAAGATCTTCACGAATGGTGTGTCATCCGAATACAAAGGTCCTCGAAAGGCTGATGGCATCGTCTCCTACATGGAGAAACGGGCACACCCTGTCGTCACTATCGTCACATCGGACAACCACACCGACTTCACCAAATCTGGTAACGTGGTGGTTATCGCTTATCTGGATCACTCGGACAAAGATGGCTTGGATGCCTTTACCAGTTTCGCTGAAGCAAAACGTGACGATTACGTCTTTGGAGTATGCTACGACCACTCATCGATCAAGGAGGTCTCCTCTCTATCCCAGGGTAGCATCGTTCTGTGGAAGAAGTTTGACGAAGGTCGCAACGATTTCCACGGCGAAAAACTAACGCAAGAGAGCATTGCCAAATTCGTCAACACCAACTCGGTTCCACTATTCGATGAGCTCACTCCCGCCAACTTTGCTCTCTACTCTGAAATCGGTCTCCCTCTCGCTTACACTTTCATCGAGGCCAACAACCCCAAGAGGGAAGAACTCATCAAATCTCTCGAGCCTGTCGCCAAGGACCACAAGGGACACGTCAACTTCGTTTGGATCGATGCTACTAAATTTGGAGACTACGCCAAATCCTTGAACCTGCCGGGTAGCGACTGGCCTGAGTTTGTCATTCAGGATCTCTCGAACCAGGACAAGTTCCCTCTGGAACCTAAGAAGGAGGTTAACAAGCACAACATTGCCGAATTCATCAAATTGTTCCGAGCCGGTAAAGTCACGAAGAGCGTCAAGAGTCAACCCATCCCCACCAAACAGGATGACGGCTCATACGTTCTCGTTGCCAATGCCTTTGAGGATGTCGTCTACGCTAACAACAACCACCAGGATGTTTTCCTTGAATTCTACGCACCATGGTGTGGCCACTGCAAACTTCTCAAGCCTATCTGGGACAACTTGGCCCGTTCCTTCAAGGATTCGAAGGACAAGGTTTTGATCGCAAAATTCGACGCCACTGAGAACGACATCCCATCGACCGCCGGCATCCAGGTTCAAGGTTACCCTACTCTCAAGTTCAAGCCCGCTGGATCGAGGGAATTCATTGACTATGATGACGAACGAGAGTTAGACGCCATGATTGCATTTGTTGAGAAGAACTCAGTCAACAAGGTTAAGGCCGTTAAGGTCGAGCTACCCGAGCCTGTTGAAGGTGGTGAAGGTGGCGATCAAGTTGTCTTTGACTCTGAGGAGTCTGAACCAGTTCCTGAAGATGAAGACAAAGACGCCGAACACGACGAATTGTAA
test_3	gi|2234895309|ref|XM_047948614.1|	Puccinia striiformis f. sp. tritici uncharacterized protein (Pst134EA_017292), partial mRNA	100.000	94	163	0	0	1	163	1	163	1.49e-76	302	ATGAGGTCGTTTGGTTTTTTGGCAACGCTGTTTGCCCTAGCTTCTTCTATCCATGCCGACGCAGGACTCAACCCCAATGACGCTCCAGATGACGTCATCGAATTGACATCAGAGAACTTCGACACCGTCGTCACCCCTGCGCCTTTGATCTTGGTCGAATTCA
test_3	gi|403163213|ref|XM_003323269.2|	Puccinia graminis f. sp. tritici CRL 75-36-700-3 uncharacterized protein (PGTG_04854), mRNA	84.282	84	1406	204	15	267	1670	543	1933	0.0	1356	GTGCGGTCACTGTAAAGCGCTCATGCCCGAGTACAAACGTGCAGCGACACTATTGAAGAAGGAAGGTATCCCAGTGGCCAAAGCCGACTGTACTGAGCAGAGTGAACTATGTGCCAAGCACGAAATCCAGGGTTATCCAACTCTCAAAATCTTCTCAAATGGTGTGGCATCGGAATACAAAGGTCCTCGAAAGGCTGAAGGCATCGTCTCATACATGGAAAAACGCGCACACCCTGTCGTTACCCTTATTACATCTCACAACCACACCGAGTTTACCCAATCTGGTAACGTGGTCGTCATCGCTTACCTGGATCACTCTGACAAAGATGGCTTGGCTGCATTTACCCGCTTCGCCGAATCCAAACGTGATGATTACGTCTTTGGTGTGTGCTACGATCACTCATCGATCAAAGATGTCTCTTCTCTGCCCCAGGGTAGTCTCGTCCTTTGGAAGAAGTTCGACGAAGGTCGCAACGATTTC-ACTGGCGAGAAATTGACCGAGGAGAACATTGCCAAATTTGTCAACACCAACTCGGTGCCCCTGTTTGATGAGCTCACTCCGTCCAACTTCGCTCTCTACTCTGAAATCGGTCTTCCTCTCGCTTACACTTTCATCGAGGCCAACAACCCCAAGCGAGAATCTCTGATCAAATCTCTCGAATCTGTTGCCAAGGACAACAAGGGTCACCTCAACTTTGTATGGATCGATGCGACCAAATTTGGAGATTACGCCAAATCTTTGAACCTTCCCGGTACCGACTGGCCCGAATTTGTCATTCAAGATCTCTCAAACCAGGACAAGTACCCCTTGGAGGCCAAGAAGGAGGTCAACCATGACCATGTTGCCGAATTTGTCAAGTCGTACCGCGCCGGTAAACTCGAGAAGAGCGTCAAGAGTCAACCCATTCCCA--AA-CAGGGTGATGGTACCTACGTCCTCGTTGCCAAGGCCTTCGAAGACGTGGTCTATGCTAACAACAACCAGAAGGATGTGTTCCTCGAATTCTACGCACCATGGTGTGGTCACTGCAAACGTCTCAAACCTATTTGGGACAACTTGGCCCGCAGCTTCACTGGTTCCAGCGACAAGGTTCTGATTGCAAACTTCGATGCCACTGAGAACGACATTCCATCCACCACTGGCATTTCGGTCCAGGGATACCCCACTTTGAAGTTCAAGCCCGCCGGCTCGAAGGAATGGATCGATTATGATGACGAAAGAGAGCTAGATGCGATGATTGCATTTGTTGAGAAGAACTCGGTCAACAAGGTCAAGGCCGTCAAGGTCGAGCTACCTGAGCCTGTCGAAGGCGC-GATGG-GGCTGACCAAGTCGTCTTCGATTC-GAGAA--C-GAGCCCGCTCCTGA-GACGA-GACAC-GACGCTGA-CACGATGA-TTGTA
test_3	gi|2234882127|ref|XM_047942147.1|	Puccinia striiformis f. sp. tritici uncharacterized protein (Pst134EA_004729), partial mRNA	91.400	54	907	69	4	765	1671	3	900	0.0	1234	GCAGGAGAGCATCACAAAATTTGTCATCACCAACTTGGTTCCACTGTTCAATGAGCTCACTCCCGCCAACTTTGCTCTCTACTCTGAACTCGGTCTCCCTCTTGCTTACACTTTCATTGAGGCCAACAATCCCAAGAGGGAACAACTTGTCAAATCATTTGAGCCTGTCGCCAAGGACCACAAGGGACATGTCAACTTTGTTTGGATCGATGCTACTAAATTTGGAGATTACGCCAAATCCCTGAACCTACCGGGTAGCAACTGGCCTGAGTTTGTCATCCAGGATCTCTCCAACCAGGATAAGTTCCCTTTGGAACCCAAGAAGGATGTTAACAAGCACAATGTTGCCGAATTCATCAAATTGTACCGAGCCGGTAAAGTCACCAAGAGCGTCAAGAGTCAACCCATCCCCACCAAACAGGATGATGGCTCATACATTCTCGTTGCCAATGCCTTTGAGGATGTCGTCTACGCTAACAACAACCACCATGATGTTTCCCTTGAGTTCTACGGACCATGGTGTGGCCACTGCAAATTTCTTAAGCCTATCTGGTACAACTTGGCCTGTTCCT-CAA-G--T-----GACAAGGTTTTGATTGCAAAATCTGATGCCATTGAGAACAATATCCCATCAACCGCCGGCATCCAGGTACAAGGTTACCCTACTCTGAAGTTCAAGCCCGCTGGATCGAGGGAATTCATCGACTATGACGACGAGAGAGAATTATATGCCATGATTGCATTTGTTGAGAAGAACTCAGTCAACAAGGTCAAGGCCGTTAAGGTTGAGCTACCCAAGCCTGTTGAGGGTGGTGAAGGTGGCGATCAAGTTGTCTTTGACTCTGAGGAGTCTGAACCAGTTCCTGAAGATGAAGACAAAGACACCGAACACGACGAGTTATAA
test_3	gi|2234894329|ref|XM_047948129.1|	Puccinia striiformis f. sp. tritici uncharacterized protein (Pst134EA_015765), partial mRNA	91.051	58	514	46	0	615	1128	117	630	0.0	695	TTTCGCTGAAGCCAAACGTTACCATTACGTCTTTGGAGTATGCTACAACCACTCACCAATTAAGGAGGTCTCTTCTCTATCCCAGGGTAGCCTTGTTCTGTGGAAGAAGTTTGACGAAGGTTGCAATGACTTCCACGGCGAGAAACTAGCGCAGGAGAGCATCACAAAATTTGTCATCACCAACTCGGTTTCACTGTTCGATGAGCTCCTTCCCGCCAACTTTGCTCTGTACTCTGAACTCGGTCTCCCTCTCGCTTACACTTTCATCGAGGCCAACAATCCCAAGAGGGAACAACTCGTCAAATCATTCGAGCCTGTCGCCAAGGACCACAAGGGACATGTCAACTTCGTTTGGATCGATGCTACTAAATTTGGAGATTACACCAAATCCCTGAACCTACCGGGTAGCGACTGGCCTGAGTTTGTCATCCAGGATCTCTCCAACCAGGATAAGTTCCCTTTGGAACCCAAGAAGGATGTCAACAAGCACAACGTTGCCGAATTCATCAAATTG
test_3	gi|2234894329|ref|XM_047948129.1|	Puccinia striiformis f. sp. tritici uncharacterized protein (Pst134EA_015765), partial mRNA	93.096	58	449	22	4	1219	1667	646	1085	0.0	649	TTTGAGGATGTCGTCTACGCTAACAACAACCACCAGGATGTTTTCCTTGAGTTCTACGGACCATGGTGTGGCCACTGCAAACTTCTTAAGCCTATCTGGTACAACTTGTCCCGTTCCT-C---GA---G--TGACAAGGTTTTGATCGCAAAATCCGATGCCACTGAGAACGATATCCCATCGACCGCCGGCATCCAGGTACAAGGTTACCCTACTCTGAAGTTCAAGCCAGCTGGATCGAGGGAATTCATCGACTATGACGACGAGGAAGAATTAGATGCCATGATTGCATTTGTTGAGAAGAACTCAGTCAACAAGGTCAAGGCCGTCAAGGTCGAGCTACCCGAGCCTGTTGAAGGTGGTGAAGGTGGCGATCAAGTTGTCTTTGACTTTGAGGAGTCTGAACCAGTTCCTGAAGATGAAGACAAAGACGCCGAACACGACGAATT
test_3	gi|2069971847|ref|XM_042539631.1|	PREDICTED: Zingiber officinale protein disulfide isomerase-like 2-2 (LOC121985916), mRNA	93.478	3	46	3	0	1253	1298	536	581	1.65e-06	69.4	AGGATGTTCTTGTTGAATTCTACGCACCATGGTGTGGCCACTGCAA
test_3	gi|2069962183|ref|XM_042534901.1|	PREDICTED: Zingiber officinale protein disulfide isomerase-like 2-2 (LOC121982045), mRNA	93.478	3	46	3	0	1253	1298	547	592	1.65e-06	69.4	AGGATGTTCTTGTTGAATTCTACGCACCATGGTGTGGCCACTGCAA
test_3	gi|2782950569|ref|XM_067078626.1|	PREDICTED: Clytia hemisphaerica protein disulfide-isomerase 2-like (LOC136822378), mRNA	81.579	4	76	13	1	1253	1327	1282	1357	2.76e-04	62.1	AGAATGTCTTAGTTGAATTTTACGCACCATGGTGTGGCCACTGCAAACAATTGGTTCCAATCTGGGACAAACTTGG
test_3	gi|2432150932|ref|XM_053090831.1|	Dioszegia hungarica disulfide-isomerase precursor (MKK02DRAFT_39897), partial mRNA	100.000	2	32	0	0	1267	1298	130	161	0.001	60.2	GAATTCTACGCACCATGGTGTGGCCACTGCAA
test_3	gi|2085254408|ref|XM_043226918.1|	PREDICTED: Puntigrus tetrazona protein disulfide isomerase family A, member 4 (pdia4), mRNA	97.059	2	34	1	0	1267	1300	447	480	0.004	58.4	GAGTTCTACGCACCATGGTGTGGCCACTGCAAAC
test_3	gi|1176082836|ref|XM_020755928.1|	PREDICTED: Orbicella faveolata protein disulfide-isomerase A4-like (LOC110050054), mRNA	97.059	2	34	1	0	1267	1300	326	359	0.004	58.4	GAGTTCTACGCACCATGGTGTGGCCACTGCAAAC
test_3	gi|2450215767|ref|XM_053858575.1|	PREDICTED: Synchiropus splendidus thioredoxin domain containing 5 (txndc5), transcript variant X2, mRNA	100.000	2	31	0	0	1268	1298	956	986	0.004	58.4	AATTCTACGCACCATGGTGTGGCCACTGCAA
test_3	gi|2450215765|ref|XM_053858574.1|	PREDICTED: Synchiropus splendidus thioredoxin domain containing 5 (txndc5), transcript variant X1, mRNA	100.000	2	31	0	0	1268	1298	1024	1054	0.004	58.4	AATTCTACGCACCATGGTGTGGCCACTGCAA
test_3	gi|1025342413|ref|XM_016537029.1|	PREDICTED: Sinocyclocheilus rhinocerous protein disulfide-isomerase A4-like (LOC107727231), mRNA	97.059	2	34	1	0	1267	1300	325	358	0.004	58.4	GAGTTCTACGCACCATGGTGTGGCCACTGCAAAC
test_3	gi|1176082645|ref|XM_020755822.1|	PREDICTED: Orbicella faveolata protein disulfide-isomerase A4-like (LOC110049965), mRNA	97.059	2	34	1	0	1267	1300	370	403	0.004	58.4	GAGTTCTACGCACCATGGTGTGGCCACTGCAAAC
test_3	gi|1933602283|ref|XM_037694125.1|	PREDICTED: Nematolebias whitei protein disulfide isomerase family A, member 4 (pdia4), mRNA	97.059	2	34	1	0	1265	1298	432	465	0.004	58.4	TTGAGTTCTACGCACCATGGTGTGGCCACTGCAA
test_3	gi|1025078252|ref|XM_016483793.1|	PREDICTED: Sinocyclocheilus anshuiensis protein disulfide-isomerase A4-like (LOC107686698), mRNA	97.059	2	34	1	0	1267	1300	412	445	0.004	58.4	GAGTTCTACGCACCATGGTGTGGCCACTGCAAAC
test_3	gi|2559066674|ref|XM_058764897.1|	PREDICTED: Onychostoma macrolepis protein disulfide isomerase family A, member 4 (pdia4), mRNA	96.970	2	33	1	0	1267	1299	459	491	0.013	56.5	GAGTTCTACGCACCATGGTGTGGCCACTGCAAA
test_3	gi|1126206158|ref|XM_019781088.1|	PREDICTED: Branchiostoma belcheri uncharacterized LOC109479196 (LOC109479196), transcript variant X2, mRNA	100.000	2	30	0	0	1270	1299	1667	1696	0.013	56.5	TTCTACGCACCATGGTGTGGCCACTGCAAA
test_3	gi|1126206160|ref|XM_019781089.1|	PREDICTED: Branchiostoma belcheri uncharacterized LOC109479196 (LOC109479196), transcript variant X3, mRNA	100.000	2	30	0	0	1270	1299	1667	1696	0.013	56.5	TTCTACGCACCATGGTGTGGCCACTGCAAA
test_3	gi|1126206156|ref|XM_019781087.1|	PREDICTED: Branchiostoma belcheri uncharacterized LOC109479196 (LOC109479196), transcript variant X1, mRNA	100.000	2	30	0	0	1270	1299	1667	1696	0.013	56.5	TTCTACGCACCATGGTGTGGCCACTGCAAA
test_3	gi|1126206162|ref|XM_019781090.1|	PREDICTED: Branchiostoma belcheri uncharacterized LOC109479196 (LOC109479196), transcript variant X4, mRNA	100.000	2	30	0	0	1270	1299	1667	1696	0.013	56.5	TTCTACGCACCATGGTGTGGCCACTGCAAA
test_3	gi|2235023156|ref|XM_047994664.1|	Annulohypoxylon truncatum thioredoxin-domain-containing protein (F4807DRAFT_279017), mRNA	97.059	2	34	0	1	1267	1299	440	473	0.013	56.5	GAATTCTACGCACCATGGTGTGGCCACTGCCAAA
test_3	gi|2269913476|ref|XM_049002231.1|	PREDICTED: Brienomyrus brachyistius protein disulfide-isomerase A4-like (LOC125725370), mRNA	96.875	2	32	1	0	1267	1298	530	561	0.046	54.7	GAGTTCTACGCACCATGGTGTGGCCACTGCAA
test_3	gi|1751547972|ref|XM_030955381.1|	PREDICTED: Camarhynchus parvulus protein disulfide isomerase family A member 3 (PDIA3), mRNA	96.875	2	32	1	0	1267	1298	1299	1330	0.046	54.7	GAGTTCTACGCACCATGGTGTGGCCACTGCAA
test_3	gi|2269920910|ref|XM_049003433.1|	PREDICTED: Brienomyrus brachyistius protein disulfide-isomerase A4-like (LOC125726948), mRNA	96.875	2	32	1	0	1267	1298	509	540	0.046	54.7	GAGTTCTACGCACCATGGTGTGGCCACTGCAA
test_3	gi|2120527778|ref|XM_044728622.1|	PREDICTED: Cotesia glomerata thioredoxin domain-containing protein 5 homolog (LOC123265038), mRNA	94.444	2	36	1	1	1265	1299	718	753	0.046	54.7	TTAAATTCTACGCACCATGGTGTGGCCACTGCCAAA
test_3	gi|2649549877|ref|XM_062374825.1|	PREDICTED: Phragmites australis protein disulfide isomerase-like 2-1 (LOC133928483), mRNA	96.875	2	32	1	0	1267	1298	239	270	0.046	54.7	GAGTTCTACGCACCATGGTGTGGCCACTGCAA
test_3	gi|678004416|ref|XM_009080476.1|	PREDICTED: Acanthisitta chloris protein disulfide isomerase family A, member 3 (PDIA3), partial mRNA	96.875	2	32	1	0	1267	1298	952	983	0.046	54.7	GAGTTCTACGCACCATGGTGTGGCCACTGCAA
test_3	gi|1756851527|ref|XM_031059709.1|	PREDICTED: Geospiza fortis protein disulfide isomerase family A member 3 (PDIA3), mRNA	96.875	2	32	1	0	1267	1298	960	991	0.046	54.7	GAGTTCTACGCACCATGGTGTGGCCACTGCAA
test_3	gi|1963342567|emb|OE839120.1|	5_Tge_b3v08	100.000	2	28	0	0	1265	1292	77705	77732	0.17	52.8	TTGAATTCTACGCACCATGGTGTGGCCA
test_3	gi|1946277540|emb|OD564961.1|	4_Tbi_b3v08	96.774	2	31	1	0	1265	1295	51476	51446	0.17	52.8	TTGAATTCTACGCACCATGGTGTGGCCATTG
test_3	gi|1946892688|emb|OC317295.1|	3_Tce_b3v08	100.000	2	28	0	0	1265	1292	46042	46069	0.17	52.8	TTGAATTCTACGCACCATGGTGTGGCCA
test_3	gi|1937895080|emb|OC006600.1|	2_Tsi_b3v08	100.000	2	28	0	0	1265	1292	36910	36937	0.17	52.8	TTGAATTCTACGCACCATGGTGTGGCCA
test_3	gi|1948206283|emb|OD000411.1|	1_Tps_b3v08	100.000	2	28	0	0	1265	1292	102611	102638	0.17	52.8	TTGAATTCTACGCACCATGGTGTGGCCA
test_3	gi|1936916395|emb|OA566449.1|	1_Tdi_b3v08	100.000	2	28	0	0	1265	1292	114708	114735	0.17	52.8	TTGAATTCTACGCACCATGGTGTGGCCA
test_3	gi|1947593150|emb|OD012256.1|	1_Tps_b3v08	96.774	2	31	1	0	1265	1295	6329	6299	0.17	52.8	TTGAATTCTACGCACCATGGTGTGGCCATTG
test_3	gi|1948194917|emb|OE004513.1|	4_Tte_b3v08	96.774	2	31	1	0	1265	1295	52002	51972	0.17	52.8	TTGAATTCTACGCACCATGGTGTGGCCATTG
test_3	gi|1946443851|emb|OB793999.1|	3_Tms_b3v08	96.774	2	31	1	0	1265	1295	176344	176314	0.17	52.8	TTGAATTCTACGCACCATGGTGTGGCCATTG
test_4	gi|2234895383|ref|XM_047948649.1|	Puccinia striiformis f. sp. tritici uncharacterized protein (Pst134EA_017330), mRNA	99.346	98	6116	1	2	6	6109	186	6274	0.0	11036	GCGTCACAGCATGTCTCAAATCCCCAACGCTCGTCATGGTGCTGCCATCGGCTCCTCCTCTGGAATTCCTACCGGCGGCTCGGGCCGACTCACCCCCTCCGGAAGACTGACTCCTCAGCCAAGCAACAACACTGCCAGCAATAGTCGGAGTACTACACCCAGCCTCGCTCCTCGCTCCATCACTCCCTCGGGTATCCCAGCTAGACACTCAGTACAGCTCTCATCCAACCTCAGTCGATCCGTCAATGCTTCTTCATCTGCAGCTTCACCCAGCTTTTCAGCAGCAGCCCAGTTCACCCAACCAAGCTCAAGCTCAGCCTCAGTCGCCCTCTATCAACAATCTAACCATCCTTCGCCACTCCAATCCCCAAAACAGACCACAACCAACACCCAGTCGTACTCTGCCTCAACCGATCAGTCGTCCAGCTCGGCTTCTTCTAGTAGCGTCCAAGTCATCCTCAGAATCAGACCCTCAACCTATGATATCAACGTACCCACTCGATTCCAGCGTACCGTCATCACTCCAATCAACCCCACCACTATCTCCGTCGAATCGGCGTCTCCCTCCGCTAACTCATCTAAATCTACTCAAAAATACACCTATGATCGAGTTTTCTCCCCCGAGGAAGGTCAACAGCAAGTATGGACATCCGTCGAGGGTCTCATCAACCGGTTTCTCGAAGGTTATAACGTCACCGTCTTCGCCTATGGGCAAACCTCATCGGGGAAGTCTTACACGATGGGCACCGATCGGTTCACCGATGACCTCGGCTCAGGCGACCCTTCGGCTGACAATGGAGATCAAGTGCTCAACTCGAATCGGACAGGAATCATTCCTCGTGCGGTTTACACAATCTTCAATAAAATTCAACAGCAAGCCACCAAATCAAATCAATTCAACGTCAAGACCTCATACGTGGAAATTTATAACGAAGATCTGATCGACCTTATTGCATGCTCAACAGCTCCTGCTAATACGCTTCCTCAGGTGACGATTCGAGAAGATAAGGATGGGAACATCATCTGGTCTGGTCTCAAGGAAGTCAAAGTGACCAGAGCCAGCGAAGCCCTCAGTTTACTCGAACAGGGTAGTCAAGTCAGACAGACTGGCTCAACCGAAATGAACGCCCAATCCTCTCGTTCTCATGCGATCTTCAGTCTCAACCTCACCCAGAATAAGCAAGCTAATACCACCAACACTCCTAACAAGCGAGCCTCGAAGACTATCAGTCCGACCAGCTCTATCGGACGTGATTCAGGCGATGATGGCGAAGTTTCAACCATCTCCAGCAAGTTTCATTTCGTCGATCTCGCCGGTAGTGAACGTATCAAGAGGACTGCTGCCGTTGCCGAACGGGTCAAGGAGGGTATCTCAATCAACGCCGGTCTACATGCGTTAGGAAATGTCATATCTGCTCTTGGGGATCCTAGCAAATCCAAGACGGCCACTCACATTCCTTATCGTGACAGCAAACTGACTCGACTCTTACAAGACAGTTTGGGTGGGAATGCCCAGACGTTGATGGTGGCATGTGTATCTCCCAGTGAACACAATCTGAACGAGACGGTGAACACACTCAAGTATGCCAGCCGGGCCCGAAATATCAAGAACAAGGCCCAGGTCAATGCGCAAGAAGTCGGTTGGGAAGACGTGGAATACTTGCAGGCTACCATCATCAAGTTACGCAAAGAACTGGCATGTCTGAAGAACAGCGCTCCAACTGGCGATAATACGGCTCGAACCCTTTCTTCTATCAACGAGGAAGATTCGGCACCAGATGAGCTCAGCCCTAAATATATCGACCTACAGGGCTGCTACACCGAGCTTCAAGCCAAATACGCAAAGACATTGTCAGATCTGACCCTAGCACAAAATAGTCTCAAGCTGGCCTCACGAAACTCGGGGCAATCCCAGATCATCTCGCAATCTGCTTTCGATGACATGATCCAACCCATCGTCGAAGAGTATGAAAAGTCGATCACCGCTCTCGAATCTCAGCTAGCACTGATCAAGGCGGCGCTCGTCCATTCGGAGCATTCAATGAATGACCTCGAAACCCAGCTTTCAAGTGAACAGACGTTAAATGAGAACCAGGCCAGTTATGTTGCAGATCTCAAAGCGCGTCTGAATCGATTATCTGAACGGGAATCTGAAAATGAGTCATATATCAAAGATTTGGAACTGAAACTCAAGACACTCAGCGAGTCCGACGAGGCGTCTACTGCACTGGTGACCGAGCTCAAGAAAGAACTGGCCAAGATCAAGGAGCATGATGCTGAATCAGAAGCCTACATAAAAGATCTCGAAGCCAGACTGTCAAAAAATGATTCCGGAGACCTCAACAAGCACATTGCCTCCCTTGAAGCCTCCTTAGTAGATCGGGATGAAAGATATGATGCCTTGCAGGCCAAGTACGAGTCCCTTAGTGCTCAATTGACGGGCACGCATGCGGACATGTGGAATCAGCAACAGCATCTGACGGAGCAGTTGTCTGAAAGAGAAAACAAATTGAAAAAGCTAGA---------------------------AGTCGTCCTGGCACAACTGGAAAGTGAGAAGAGCGAGATCGAGAGTGAAAGGCAAAAGCTTGAAGCAAGCACTGAGGAAACCTCACGCACTAACAACGAACTCCTTGGACGCCTTAAGGTTTTGGAATCATCGACCAAGCGCTCCCCCTCGGTTGCAACTGACCAGGGCGACGCCCGAAGCATCAGGAGTACTCACCTCTCAGCCGGAACGCACAATTTCACGCCTCCTGCCACGCCAGCTGCTACTTGTGAACTTGCCGGCGATTCCGCCAGCAATCCAGCGGATCCAGGTTTGTTAAACGAATTCCACGAGCTACAAGAGCGTTATGAGACGACCGCCAGCGAACTAGATCAAGTCCGGGCGAAGTATAATAATTCCGTCAAAGAATTAGAGGACCTCACTTCGCAACTTGAGGATTCGCGAGTTGTCCAATCGTCTTCTTGGATGCCAAGACGCTCCATCACCTCTACGACGAGCCATTTTCGAAATTCAGGGTCCAACTTCGGTTCACCTTCGCCATCACCAGTCCCACAGTCTCCTTCCTGGAATCAGACCTCGCATTCATTTCCTGTTCCCGGCGTCCTGCCTGTCAGGGGCTTTGGGACGCCGGTCAACGCGTCCGTCAGGACTTCCAAGTATCTAGATGGCAAAGCTTCGCGGTCTAGGGGAGGCGACTCACTCGAGGAACTTGCTGATAACGGCTCAGATGAGCCGATGGAAGTACTCCCAAGTGATATTACCATGTCGCGCGATCCAAGTGGCCAGCGATCGATTTCCATTCAAGCAGGTCCTCATCGCCAGAGTCAGCGTCTGAGCTTGAATTCTGGAACCCTGTTACCTCATGGGCGCTCCTTATCCCTTTCACACGACTCATCAGGTCTCCAAACATCCGCTCGAGGAAGTATCATCAGGGCTCGATCCGATTCTCGCTCTGATACAACATCGAGATTCATCAACCAAGGCGATCATCATCTGCCACACAGTGGCGAGCGTAGTTATGAGAGTTTACAGAAGGAAGTAATAAAGTTGCAAGAAGTCCTGAAAGAGCGAGAGGATGAAATTCGGAGTTTGGAAATCTCGATTCGTGAAATTCGTCGGTTGAGCGATTGTAGTACTCCGCCTCTACCTTCGGCCTCCACGGACGGGGTTGATGACGAGCTTCGCATTCAAACTCAAGCCGACCAGAAGGCTGAATCTTCGACAAGGTTCAGTATTGGATCAATCTCTGCTTCGAATTCCACGCGAGACTCGACCGATCGATTCAGCCTGAGCCATCCTGATAAAATTATTGCGGCCATTCAATCTCAAATGTCATTGAACGATGCTGATGTGAGCGTCGTCAAAGACTCTCAAAATATCAAGCTCTTGGACAATCTCATGCGTTCCATGGCCCAGAAGGAATCGGCCCACTTGGAGTTGATCGAGAACCTCAAGGACAAACTCACGAGTACCAAGCGACAGCACGATGACCTTGTTAACCTCTCCAGAGATCAAGTTGTCAACATGTCTTCAGAGATCGAAGCCTTGCGACAGAAGCTCGCCAACCCTACCATTCCTGATTCCGAGATCGCCAACCGATTAACTAAATTGGAAGGGCTTTTACGGGTCAAGGAACAGGAATCAGAGAGCTTAAAAGCAGAGTCTACACGTCAACTTTTGGATCTCGAAGTCAAGTTGGTAGAAGCTAAACAAGCTGAAATCGAAGCCTTGAAGCATGAACACGACACCGTGGTCGAACAGCTGAAGATCGAGCAACGAGAGAGTTTGAACAGATTGATTGAATCGAGCGACGAGAAACTGGCGGCCAAACATGTCGAATTACGACAACTTCAAGACCAGTGGCAAAGCCAATCCCAGCTGGACGTGACGGCTCAAACCGATAAGATCAAGGCCGAGTTTGAAGCAGAACAGAAGAAGCTAATGGAAAGTCAAACCCAAGATCAGGAGGACGCCTTGCATGAACAACAGAGTCGATTTGATAACGAAACCCATCAATTGCTAGATCAACATGCCCAAGCATTCGAATACTTACGAGATGAACTCACTCAAAACAGCAAGCGCACCGAAATTAAATATGAGGCTCAGATCGAAGAGCTCAAACAATCTCATGCTACCGAGATCACCCGATTGACCACCACACTCTCCTCGAGAGCTAATCAGGGTAATAATACAATGGAGAAATTGATCCGGGATCATCATGATGAACTAGATGAGTTACGGAACTCAATGGAAGTTCAATTGAGTGAACAACGAGCAAAGTTCGAAATGGAGAAGCAAGAGCTGAACGTGCAACATGAGGAAGAGATTAAGTCTTTGGAGACTCGTCATGAGACTCAAATCGTTGAGCTCAAGTCTGAACATGAAGAGATCTTGGTCGCGTCACTCACCGAATTAGATTTACGTAGGACTAGGAAATTCGAGAGTAATCTTGCCGCTCTGCAAGAGAAACATCAAGCCGAAATTAACGAGATCAAGGGCGATCATGAGAAACAAATCCAGGCTGTTTCCATCAGTCTTCCTCACTCTAACGCTTCCGCCCGCTCGATCGATGTGACTTCGACGTCAACAAAGAGAGGTTCTCCAGATGGGGACACACGTCGCTTGAGTTTGGAAAAAATCCAAAGTAGTTATGAGCAGAAAATCGAGATGCTCAAATTACAACACCAAACTGACCTTCACGCGTTAGAGGAGAAGTTCCTAACATCTAACCTGTCATCTGATCTACGTGAAGAGCGACTAGCCAACCAGCGAAAAATCGATCTACTAACAGACGAGCTGGATTACCTGAAAGAAGAAGTGCAGAAGCATAAAGCGTCTGAGAGCCAGGATTCGAACCGAGAGGCAGCCCAGAGTGAAGCAGAAGTAGAATTACAGGAAGCACTTGATGCGCTATCGACGTTAGACAAAGCCTTATTGGAGTCCCAAACAGAACGAGAAGATCTATTAAAGCAACTTGAAGACATCAAGAAATCCAACATGAGCGAACAAGAGACGATGGCGAAGGATTTCACAAATCTACAGAGTGAATTTGCTCGAATCAAACAAGAACGAGATGAGTTAATTAGGTCATCCAAAGAGTTTGATCATCAATCGACTGGTCGACCCTCGTATGACGGCCCGAATGGACGTTCAGGAGCAGGCATGGGCTCGGATTCACCTTCATTACCTGGTCTACCAACTCGAACCCATCTATCATCAAGTGGAAAACCACCGCCACCTACACCACCACCTAATATCCCACCACCACCACCCCCAACAAATCTTTCTAACCTTCCTGGAATTAATAATAGTGGCGGAAGCACTTCAAATTCTGTCAATGGAACGATTCGTAGACCCACTAGAACTTCTAATTCTTCTAGTCAACTTAGTCATACTAATAATAGTCTGAGTGGCAGAGAATCTCCTTCTACTTCTATCGCCACTAGCTGTTTAGTCGATTCGGCTAATGTCGATCCTAGATTGGTCAAGAAAATCGAAGAACAGGAGAACGCCATCTCTAAACTCACTAAACAGTTATCTCAATGCGAGGTTGACCTCAAAGGGAATATTGATTTAGTCACAAATC
test_4	gi|2234895383|ref|XM_047948649.1|	Puccinia striiformis f. sp. tritici uncharacterized protein (Pst134EA_017330), mRNA	100.000	98	292	0	0	6206	6497	6275	6566	1.16e-147	540	TTGAATCAGCATTAAATGAAACGGAAAGAAACCTGCGTAAATCACGATTACAGATGAATGAATTAGCGAAAGAAAGGGATAAGATAACCACTCAAAATGAATCATTAAGGAAAGAGTTGGCTTCTGCAACTGCTGAAGTTGAAAACGTTCGAAATAACGTTCAAGTTGAAAAACTTCAATTCGAAAATCAATTATCTGAAGAACGTAGAGCTAAAGAAAACGCTAAGAAACAACTCGAAGCTAGGATGGAAGAAATGCAGAATTCTAGAATGACTCGGAAGAGTAAATTTAA
test_4	gi|403163253|ref|XM_003323305.2|	Puccinia graminis f. sp. tritici CRL 75-36-700-3 uncharacterized protein (PGTG_04890), mRNA	78.737	70	4670	865	77	444	5046	584	5192	0.0	3005	TAGCAGCGTCCAAGTCATCCTCAGAATCAGACCTTCCTCCTATGATATCAACGTACCCACCCGCTTCCAGCGTACGGTCATCACTCCAATCAACTCAACCACTATCTCTGTCGAA-----G-CTCCCTCTGCCGCCTCCACCAAATCAACCCAAAAGTTCACCTTCGATCGTGTCTTTTCACCAGAGGAAGGTCAACAGCAAGTTTGGACATCCGTCGAAGCTCTCATCAGTCGTTTCCTTGAAGGCTATAACGTCACCGTCTTCGCCTATGGCCAAACCTCCTCGGGAAAGTCCTATACGATGGGAACAGATCGGTTCACTGACGAGCTCGGCTCAGAAGACTCGTCCGTTGACCCTGCCGACCAAGTCCTCAACTCGGATCGCACCGGGATCATCCCACGCGCCGTTCACAGCATCTTCAACAAGATTCAACAGCAGACAACCAAATCAAATCAGATCAACGTCAAGACCTCCTACGTTGAGATCTATAACGAAGATCTAATCGATCTGATCGCCTGTTCGACTGCCCCTGCTAATACACTCCCTCAAGTGACGATCAGGGAAGATAAGGATGGAAATATCATCTGGTCTGGGCTCAAGGAGGTCAAGGTGACCAGGGCGAGTGAAGCACTGAGCTTACTCGAACAGGGTAGTCAAGTCCGCCAGACTAACTCCACCGAGATGAACGCACAATCCTCTCGTTCTCATGCTATCTTCAGTCTCAACCTCACCCAGAGTAAGCTCTCCGCTGCCAGCAGCACCAGCAGCTCC-AACAAGCGGGCATCCAAGATCT-TAAGTCCCACCTCTTCCAACGGGCGCGATTTCGGTGATGAGGGCGAATGGTCTACGATCTCCAGCAAGTTCCATTTCGTCGATCTTGCTGGGAGTGAACGTCTCAAGAGGACCGCTGCGGTTGCCGAAAGGGTCAAGGAGGGCATCTCAATCAACGCCGGTTTACACGCATTGGGCAACGTCATCTCTGCCCTCGGCGATCCTAGCAAATCCAAGACAGTCACTCATATTCCTTACCGCGACAGCAAACTCACTCGACTCTTGCAGGACAGCTTGGGTGGAAATGCCCAGACGTTGATGGTGGCCTGTATATCTCCTAGTGAACACAACCTCGGCGAGACATTAAACACACTCAAGTATGCCAATCGAGCTCGAAATATCAAGAATCGA-GCCGAAGTCAATGCACAAGAAGTTGGTTGGGAAGACGTAGAGTACCTTCAGTCAACCATCATCAAGCTGCGCAAGGAACTGGCTTGCCTCAAGAACAGTGGCT-CACCTGTCGACTTTGCTAACGCAAGTCGAACGCTTTCAGCTATCAACGAGGAAGATTCAGCCCAAGATGAGCTTAGTCCTAAATACCTCGATCTCAAGGGCTACTTTACTGAGCTTCAAGCCAAGTACGCCAAGACATTGTCAGATCTCGCCCAAGCTCAAAACAGCATCAAGCTCGCCTCAAGAAACTCGAGTCAGCCCCAAGCCATCTCACAAAGTGCATTCGATGACATGATCCAACCTATCGTCGAAGAGTATGAGAAGTCGATCACCGCTCTGGAATCACAACTAGCCTTGACTAAGGCCGCTCTCGTTCATTCGGAACATTCGATGAAGGAGCTCGAGCTTCAGCTTTCAAACGAACAGGCATTGAATGAGAACCAAGCCAGTTATGTAGCTGAGCTCAAGGCTCGTCTGAACCGATTATCTGAACGTGAATCTGAGAACGAGTCCTACATCAAAGATCTGGAACTCAAGTTGAAGACACTCAGCGATTCCGAGGAGTCAGCTAATGGAACGGTGGTCGAATTGAAGAAAGAATTGGCCAAGATCAAGGAACATGATGCTGAATCCGAAGCTTATATCAAAGATCTCGAAGCCAAATTGTCAAAGAGTGATTCCGATGACCTCACCAAACAAATTACCTCCCTCGAAGCCTCCTTGGCAGATCGCGATGAAAGATATGATGCCTTGTTGTCTAAGTACGAATCCCTCAACTCTCAACTTACCGGTACAAATGCCGATCTGTGGCGTCAGCAACAGCGCCTGACAGAACAATTGTCTGAA--------C-----GAGAAAGC-A-AA---TTG--CA-A-----AA-GCTTGAAGTCGCCCTTACACAACTCGAAAACGAGAAGAATGAGATCGAGAGCGAAAGGCAAAAACTTGAAGCCACCACTGAGGAGACCTCCCGTACCAACGATGAACTTTCTGGACGTCTCAAAGCCCTGGAATCATCCAAAAAGCGTTCGCCTTCGGTGGCAACTGATCAGGGCGATGCCCGAAGTGTCAGAAGCACTCATCTCTCAGCCGGACCGCACAATTTCACACCTCCTGCCACGCCAGCTGCTACTTCAGAGCTTCCCGCTGGTTCCGTGGGCGACCAAGCGGATCGTGACTTGATGGCCGAGTTCCATGAGCTCCAAGAGCGCTATGAGACCACTGCCACTGAACTGGATCAAGTCCGGGCGAAGTATAATAATTCTGTGAAAGAGTTAGAGGACCTGACTGGTCAACTAGAGGATTCGCGAATCGTCCAATCCTCTTCTTGGATGCCGAGGCGATCTATCAACTCTACGACTAACCATCTTCGTAACTCTGGATCCAACTTCGGTTCACCTTCGCCATCACCCATCCTACAATCTCCTTCCTGGACTGCTCAAAGCTC-CACCCCTTTCTCCAATCACGGTGTTCTGCCTGTCAGAGGCTTTGGGTCAACTGTT---GCGACTGGAAGATCCTCCAAGTACGCAGAAAGCAAAGGCATACGAGC-CAAAGAAA-GCGATTCACTCGAAGAACTTGCTGATAGTGGCTCACACGAGCC-ATCAGAAGTTTTCCCCAGCGATAGTCTCATGTCGCGCGATCCAAGTTCCCATCGGACGATCACCAT-CAAT-ACCT-CTCAACGCCAAAGCCATCGAGTTAGTTTAAATTCCGGATCTCTGATGCCACATGGGCGCTCCTTATCTCTATCACACGACTCTTCGGGCCTCCAAACATCCAACCGAGGAAGCATTATCAGGGCTTCATCCGATTCACGCTCCGAGTCAACCTCGAGATTGCCCAACCTTGGCGACCAATCATC-GCCACATAATGGTGAACGGAGTTATGAGAGCTTACAGAAGGAAGTGATCAAGTTGCAAGAAGTATTGAAGGATCGGGAGGATGAGATTCGAGGCTTGGAAACCTCGATTCGGGAAATTCGTCGGCAGAGTGACTCGATCACCTCCCCCT-TAGCTTCCGCCTCGACCGATGAGGTTGACGGCGAAACTCGCAAGCTAACACAA-CCGATCCAGAAGACTGAGCCCTCCCTACAACCCCTTAATACCGACTTGAAACATGATGCAACAGATGTCTCGAATGTCTCGCGAGAAAACTCAATCGATCAAGATAGTCTG-GCGCATCCTGATAAGGTTCTGGCTGCCATTCAATCACAAATCTTACTGAATGATGGTGATGAGAGCGTCGTCAAAGACTCGCAAAATATCAAGCTCTTGGATAATCTGATGCGTTCGATGGCTCAGAAGGAATCGGCCCACTTGGAATTGATCGAAAACCTCAAGGATAAGCTTCAA-AGTACCAAGCGACAGCATGATGAACTCGTCAAACTGTCGAGAGACCAGGTTGTGAACATGTCTTCAGAGATCGAAGCCTTGCGGCAGAGGCTCTCCAATCCTTCCACTCCTGATCCCGAGATGAGCAAACGACTCTCGAAATTAGAAGAGCTTTTGAAGCTCAAGGAGCAGGATTCAGAGAGCTTGAAGGCAGACTCCAAACGACAACTCTTAGATCTCGAAGCCAAGTTGTTGGAAGCTAAACAATCCGAGATTAAAGCTTTGAAGGCTGAACACGACTCTGTGGTCGAACAACTGAAGCTGGAGCAACGGGAGAATCTGAACCGGTTGATCGCTTCGAGCGAAGAGAAACTGATGGCCAAACAGGATGAATTGCGACAGCTCGAAGATCGATGGCAGAGTCAATCTAAGGCGGAGCTGAAGGAACAAGCCGACAAGATTCGGGCCGAGTTTGAGGAGGAACGCAAGCAGCTTATGGAAAGCCAAAGCCGTGCTCAAGAAGAAGCCTTACAGGTTCAATCCAGTCGGTTTGATACGGAAACCCATCAGTTGTTAGAGCAACATGCTCAAGCATTCCAA-ACTTTGCAAGATGAACTCAACCAAAACACGAAGCGAGCCGAA-TCAAAGTTGCAGGC-CACGATCGAAGAACTGAAAGAGTCACATTCCAGCGAGGTAATCCGATTGACAACGACGCTCTCTTCGAGAGCAAATCAGGGGAACAATACAATGGAAAAATTGATTCGTGATCATCATGACGAATTAGATGAATTGCGGAGCTCGATGACCAAT-CGATTGGAAGAAGAACGTACGAAGTTGGAGGCCGAGAAGAGCGA-CTTAATCTCGAAACACGCCGAGCAGATCAAGTCCATGGAGTCCCGTCATGAGGAC-CAGATTAACGACCTCAAGGCCGAACACGAAGAGATCTTGGTCGCTTCCCTCACCGAATTAGATTTACGTCGGACCCGCAAATTCGAGAGTAACCTCAGTGCC-CTC--CAGGAGAAACATCTGGCAGAGATCGATGAGATCAAGCTCGATCATCAGAAACAGATCGAGGCT
test_4	gi|599395077|ref|XM_007411230.1|	Melampsora larici-populina 98AG31 uncharacterized protein (MELLADRAFT_78111), partial mRNA	73.720	4	293	71	4	6208	6497	6013	6302	3.87e-18	110	GAATCCGCCTTAAATGATACCGAAAGGAATTTAAGAAAATCACGATTACAGATGAATGAATTAGTCAAAGAACGAGATAAATTGA--ATTCGATGAATGA-TCAATTAAAACAAGAATTAAATCGAGCGAATTTAGAAGTGGAGAATGTAAGGAATAATGTGATGGCAGAGAAAGTGGAATTTGAGAATCGATTGGGTGAAGAACGTAGAGCTAAAGAAAGTGCTAAGAAGTTATTGGAAGCTAGAATGGAAGAAATGCAGAATAGTAGGATGACGAGAAAGAGTAAATTTAA
